<application>
  <component name="ProjectManager">
    <defaultProject>
      <component name="AutoImportSettings">
        <option name="autoReloadType" value="SELECTIVE" />
      </component>
      <component name="ProjectRootManager" version="2" project-jdk-name="Python 3.7" project-jdk-type="Python SDK" />
      <component name="PropertiesComponent">
        <property name="last_opened_file_path" value="$USER_HOME$/Documents/GitHub/DevOps20/Python" />
        <property name="settings.editor.selected.configurable" value="com.jetbrains.python.configuration.PyActiveSdkModuleConfigurable" />
      </component>
      <component name="RunManager">
        <configuration default="true" type="PythonConfigurationType" factoryName="Python">
          <option name="INTERPRETER_OPTIONS" value="" />
          <option name="PARENT_ENVS" value="true" />
          <envs>
            <env name="PYTHONUNBUFFERED" value="1" />
          </envs>
          <option name="SDK_HOME" value="" />
          <option name="WORKING_DIRECTORY" value="$USER_HOME$/Documents/GitHub/DevOps20/Python/mongodb-quickstart-course/src" />
          <option name="IS_MODULE_SDK" value="true" />
          <option name="ADD_CONTENT_ROOTS" value="true" />
          <option name="ADD_SOURCE_ROOTS" value="true" />
          <module name="" />
          <option name="SCRIPT_NAME" value="$USER_HOME$/Documents/GitHub/DevOps20/Python/mongodb-quickstart-course/src/snake_bnb" />
          <option name="PARAMETERS" value="" />
          <option name="SHOW_COMMAND_LINE" value="false" />
          <option name="EMULATE_TERMINAL" value="false" />
          <option name="MODULE_MODE" value="false" />
          <option name="REDIRECT_INPUT" value="false" />
          <option name="INPUT_FILE" value="" />
          <method v="2" />
        </configuration>
      </component>
    </defaultProject>
  </component>
</application>