<application>
  <component name="libraryTable">
    <library name="Python 3.8 (venv_3.8) interpreter library">
      <CLASSES>
        <root url="file:///usr/lib/python3.8" />
        <root url="file:///usr/lib/python3.8/lib-dynload" />
        <root url="file://$USER_HOME$/GitHub/Python/venv_3.8/lib/python3.8/site-packages" />
        <root url="file://$USER_HOME$/.local/lib/python3.8/site-packages" />
        <root url="file:///usr/local/lib/python3.8/dist-packages" />
        <root url="file:///usr/lib/python3/dist-packages" />
        <root url="file://$USER_HOME$/.cache/JetBrains/IdeaIC2020.2/python_stubs/-961866093" />
        <root url="file://$APPLICATION_PLUGINS_DIR$/python-ce/helpers/python-skeletons" />
        <root url="file://$APPLICATION_PLUGINS_DIR$/python-ce/helpers/typeshed/stdlib/3.7" />
        <root url="file://$APPLICATION_PLUGINS_DIR$/python-ce/helpers/typeshed/stdlib/3" />
        <root url="file://$APPLICATION_PLUGINS_DIR$/python-ce/helpers/typeshed/stdlib/2and3" />
        <root url="file://$APPLICATION_PLUGINS_DIR$/python-ce/helpers/typeshed/third_party/3" />
        <root url="file://$APPLICATION_PLUGINS_DIR$/python-ce/helpers/typeshed/third_party/2and3" />
      </CLASSES>
      <JAVADOC />
      <SOURCES>
        <root url="file:///usr/lib/python3.8" />
        <root url="file:///usr/lib/python3.8/lib-dynload" />
        <root url="file://$USER_HOME$/GitHub/Python/venv_3.8/lib/python3.8/site-packages" />
        <root url="file://$USER_HOME$/.local/lib/python3.8/site-packages" />
        <root url="file:///usr/local/lib/python3.8/dist-packages" />
        <root url="file:///usr/lib/python3/dist-packages" />
        <root url="file://$USER_HOME$/.cache/JetBrains/IdeaIC2020.2/python_stubs/-961866093" />
        <root url="file://$APPLICATION_PLUGINS_DIR$/python-ce/helpers/python-skeletons" />
        <root url="file://$APPLICATION_PLUGINS_DIR$/python-ce/helpers/typeshed/stdlib/3.7" />
        <root url="file://$APPLICATION_PLUGINS_DIR$/python-ce/helpers/typeshed/stdlib/3" />
        <root url="file://$APPLICATION_PLUGINS_DIR$/python-ce/helpers/typeshed/stdlib/2and3" />
        <root url="file://$APPLICATION_PLUGINS_DIR$/python-ce/helpers/typeshed/third_party/3" />
        <root url="file://$APPLICATION_PLUGINS_DIR$/python-ce/helpers/typeshed/third_party/2and3" />
      </SOURCES>
    </library>
  </component>
</application>