<application>
  <component name="ProjectJdkTable">
    <jdk version="2">
      <name value="11" />
      <type value="JavaSDK" />
      <version value="java version &quot;11.0.9&quot;" />
      <homePath value="/usr/lib/jvm/java-1.11.0-openjdk-amd64" />
      <roots>
        <annotationsPath>
          <root type="composite">
            <root url="jar://$APPLICATION_HOME_DIR$/plugins/java/lib/jdkAnnotations.jar!/" type="simple" />
          </root>
        </annotationsPath>
        <classPath>
          <root type="composite">
            <root url="jrt:///usr/lib/jvm/java-1.11.0-openjdk-amd64!/java.base" type="simple" />
            <root url="jrt:///usr/lib/jvm/java-1.11.0-openjdk-amd64!/java.compiler" type="simple" />
            <root url="jrt:///usr/lib/jvm/java-1.11.0-openjdk-amd64!/java.datatransfer" type="simple" />
            <root url="jrt:///usr/lib/jvm/java-1.11.0-openjdk-amd64!/java.desktop" type="simple" />
            <root url="jrt:///usr/lib/jvm/java-1.11.0-openjdk-amd64!/java.instrument" type="simple" />
            <root url="jrt:///usr/lib/jvm/java-1.11.0-openjdk-amd64!/java.logging" type="simple" />
            <root url="jrt:///usr/lib/jvm/java-1.11.0-openjdk-amd64!/java.management" type="simple" />
            <root url="jrt:///usr/lib/jvm/java-1.11.0-openjdk-amd64!/java.management.rmi" type="simple" />
            <root url="jrt:///usr/lib/jvm/java-1.11.0-openjdk-amd64!/java.naming" type="simple" />
            <root url="jrt:///usr/lib/jvm/java-1.11.0-openjdk-amd64!/java.net.http" type="simple" />
            <root url="jrt:///usr/lib/jvm/java-1.11.0-openjdk-amd64!/java.prefs" type="simple" />
            <root url="jrt:///usr/lib/jvm/java-1.11.0-openjdk-amd64!/java.rmi" type="simple" />
            <root url="jrt:///usr/lib/jvm/java-1.11.0-openjdk-amd64!/java.scripting" type="simple" />
            <root url="jrt:///usr/lib/jvm/java-1.11.0-openjdk-amd64!/java.se" type="simple" />
            <root url="jrt:///usr/lib/jvm/java-1.11.0-openjdk-amd64!/java.security.jgss" type="simple" />
            <root url="jrt:///usr/lib/jvm/java-1.11.0-openjdk-amd64!/java.security.sasl" type="simple" />
            <root url="jrt:///usr/lib/jvm/java-1.11.0-openjdk-amd64!/java.smartcardio" type="simple" />
            <root url="jrt:///usr/lib/jvm/java-1.11.0-openjdk-amd64!/java.sql" type="simple" />
            <root url="jrt:///usr/lib/jvm/java-1.11.0-openjdk-amd64!/java.sql.rowset" type="simple" />
            <root url="jrt:///usr/lib/jvm/java-1.11.0-openjdk-amd64!/java.transaction.xa" type="simple" />
            <root url="jrt:///usr/lib/jvm/java-1.11.0-openjdk-amd64!/java.xml" type="simple" />
            <root url="jrt:///usr/lib/jvm/java-1.11.0-openjdk-amd64!/java.xml.crypto" type="simple" />
            <root url="jrt:///usr/lib/jvm/java-1.11.0-openjdk-amd64!/jdk.accessibility" type="simple" />
            <root url="jrt:///usr/lib/jvm/java-1.11.0-openjdk-amd64!/jdk.aot" type="simple" />
            <root url="jrt:///usr/lib/jvm/java-1.11.0-openjdk-amd64!/jdk.attach" type="simple" />
            <root url="jrt:///usr/lib/jvm/java-1.11.0-openjdk-amd64!/jdk.charsets" type="simple" />
            <root url="jrt:///usr/lib/jvm/java-1.11.0-openjdk-amd64!/jdk.compiler" type="simple" />
            <root url="jrt:///usr/lib/jvm/java-1.11.0-openjdk-amd64!/jdk.crypto.cryptoki" type="simple" />
            <root url="jrt:///usr/lib/jvm/java-1.11.0-openjdk-amd64!/jdk.crypto.ec" type="simple" />
            <root url="jrt:///usr/lib/jvm/java-1.11.0-openjdk-amd64!/jdk.dynalink" type="simple" />
            <root url="jrt:///usr/lib/jvm/java-1.11.0-openjdk-amd64!/jdk.editpad" type="simple" />
            <root url="jrt:///usr/lib/jvm/java-1.11.0-openjdk-amd64!/jdk.hotspot.agent" type="simple" />
            <root url="jrt:///usr/lib/jvm/java-1.11.0-openjdk-amd64!/jdk.httpserver" type="simple" />
            <root url="jrt:///usr/lib/jvm/java-1.11.0-openjdk-amd64!/jdk.internal.ed" type="simple" />
            <root url="jrt:///usr/lib/jvm/java-1.11.0-openjdk-amd64!/jdk.internal.jvmstat" type="simple" />
            <root url="jrt:///usr/lib/jvm/java-1.11.0-openjdk-amd64!/jdk.internal.le" type="simple" />
            <root url="jrt:///usr/lib/jvm/java-1.11.0-openjdk-amd64!/jdk.internal.opt" type="simple" />
            <root url="jrt:///usr/lib/jvm/java-1.11.0-openjdk-amd64!/jdk.internal.vm.ci" type="simple" />
            <root url="jrt:///usr/lib/jvm/java-1.11.0-openjdk-amd64!/jdk.internal.vm.compiler" type="simple" />
            <root url="jrt:///usr/lib/jvm/java-1.11.0-openjdk-amd64!/jdk.internal.vm.compiler.management" type="simple" />
            <root url="jrt:///usr/lib/jvm/java-1.11.0-openjdk-amd64!/jdk.jartool" type="simple" />
            <root url="jrt:///usr/lib/jvm/java-1.11.0-openjdk-amd64!/jdk.javadoc" type="simple" />
            <root url="jrt:///usr/lib/jvm/java-1.11.0-openjdk-amd64!/jdk.jcmd" type="simple" />
            <root url="jrt:///usr/lib/jvm/java-1.11.0-openjdk-amd64!/jdk.jconsole" type="simple" />
            <root url="jrt:///usr/lib/jvm/java-1.11.0-openjdk-amd64!/jdk.jdeps" type="simple" />
            <root url="jrt:///usr/lib/jvm/java-1.11.0-openjdk-amd64!/jdk.jdi" type="simple" />
            <root url="jrt:///usr/lib/jvm/java-1.11.0-openjdk-amd64!/jdk.jdwp.agent" type="simple" />
            <root url="jrt:///usr/lib/jvm/java-1.11.0-openjdk-amd64!/jdk.jfr" type="simple" />
            <root url="jrt:///usr/lib/jvm/java-1.11.0-openjdk-amd64!/jdk.jlink" type="simple" />
            <root url="jrt:///usr/lib/jvm/java-1.11.0-openjdk-amd64!/jdk.jshell" type="simple" />
            <root url="jrt:///usr/lib/jvm/java-1.11.0-openjdk-amd64!/jdk.jsobject" type="simple" />
            <root url="jrt:///usr/lib/jvm/java-1.11.0-openjdk-amd64!/jdk.jstatd" type="simple" />
            <root url="jrt:///usr/lib/jvm/java-1.11.0-openjdk-amd64!/jdk.localedata" type="simple" />
            <root url="jrt:///usr/lib/jvm/java-1.11.0-openjdk-amd64!/jdk.management" type="simple" />
            <root url="jrt:///usr/lib/jvm/java-1.11.0-openjdk-amd64!/jdk.management.agent" type="simple" />
            <root url="jrt:///usr/lib/jvm/java-1.11.0-openjdk-amd64!/jdk.management.jfr" type="simple" />
            <root url="jrt:///usr/lib/jvm/java-1.11.0-openjdk-amd64!/jdk.naming.dns" type="simple" />
            <root url="jrt:///usr/lib/jvm/java-1.11.0-openjdk-amd64!/jdk.naming.ldap" type="simple" />
            <root url="jrt:///usr/lib/jvm/java-1.11.0-openjdk-amd64!/jdk.naming.rmi" type="simple" />
            <root url="jrt:///usr/lib/jvm/java-1.11.0-openjdk-amd64!/jdk.net" type="simple" />
            <root url="jrt:///usr/lib/jvm/java-1.11.0-openjdk-amd64!/jdk.pack" type="simple" />
            <root url="jrt:///usr/lib/jvm/java-1.11.0-openjdk-amd64!/jdk.rmic" type="simple" />
            <root url="jrt:///usr/lib/jvm/java-1.11.0-openjdk-amd64!/jdk.scripting.nashorn" type="simple" />
            <root url="jrt:///usr/lib/jvm/java-1.11.0-openjdk-amd64!/jdk.scripting.nashorn.shell" type="simple" />
            <root url="jrt:///usr/lib/jvm/java-1.11.0-openjdk-amd64!/jdk.sctp" type="simple" />
            <root url="jrt:///usr/lib/jvm/java-1.11.0-openjdk-amd64!/jdk.security.auth" type="simple" />
            <root url="jrt:///usr/lib/jvm/java-1.11.0-openjdk-amd64!/jdk.security.jgss" type="simple" />
            <root url="jrt:///usr/lib/jvm/java-1.11.0-openjdk-amd64!/jdk.unsupported" type="simple" />
            <root url="jrt:///usr/lib/jvm/java-1.11.0-openjdk-amd64!/jdk.unsupported.desktop" type="simple" />
            <root url="jrt:///usr/lib/jvm/java-1.11.0-openjdk-amd64!/jdk.xml.dom" type="simple" />
            <root url="jrt:///usr/lib/jvm/java-1.11.0-openjdk-amd64!/jdk.zipfs" type="simple" />
          </root>
        </classPath>
        <javadocPath>
          <root type="composite" />
        </javadocPath>
        <sourcePath>
          <root type="composite" />
        </sourcePath>
      </roots>
      <additional />
    </jdk>
    <jdk version="2">
      <name value="Python 3.8 (venv_3.8)" />
      <type value="Python SDK" />
      <version value="Python 3.8.6" />
      <homePath value="$USER_HOME$/GitHub/Python/venv_3.8/bin/python" />
      <roots>
        <annotationsPath>
          <root type="composite" />
        </annotationsPath>
        <classPath>
          <root type="composite">
            <root url="file:///usr/lib/python3.8" type="simple" />
            <root url="file:///usr/lib/python3.8/lib-dynload" type="simple" />
            <root url="file://$USER_HOME$/GitHub/Python/venv_3.8/lib/python3.8/site-packages" type="simple" />
            <root url="file://$USER_HOME$/.local/lib/python3.8/site-packages" type="simple" />
            <root url="file:///usr/local/lib/python3.8/dist-packages" type="simple" />
            <root url="file:///usr/lib/python3/dist-packages" type="simple" />
            <root url="file://$USER_HOME$/.cache/JetBrains/IdeaIC2020.3/python_stubs/-961866093" type="simple" />
            <root url="file://$APPLICATION_PLUGINS_DIR$/python-ce/helpers/python-skeletons" type="simple" />
            <root url="file://$APPLICATION_PLUGINS_DIR$/python-ce/helpers/typeshed/stdlib/3.7" type="simple" />
            <root url="file://$APPLICATION_PLUGINS_DIR$/python-ce/helpers/typeshed/stdlib/3" type="simple" />
            <root url="file://$APPLICATION_PLUGINS_DIR$/python-ce/helpers/typeshed/stdlib/2and3" type="simple" />
            <root url="file://$APPLICATION_PLUGINS_DIR$/python-ce/helpers/typeshed/third_party/3" type="simple" />
            <root url="file://$APPLICATION_PLUGINS_DIR$/python-ce/helpers/typeshed/third_party/2and3" type="simple" />
          </root>
        </classPath>
        <javadocPath>
          <root type="composite" />
        </javadocPath>
        <sourcePath>
          <root type="composite" />
        </sourcePath>
      </roots>
      <additional />
    </jdk>
  </component>
</application>