<application>
  <component name="GeneralSettings">
    <option name="confirmExit" value="false" />
    <option name="defaultProjectDirectory" value="$USER_HOME$/GitHub/DevOps20/Python" />
    <option name="reopenLastProject" value="false" />
  </component>
  <component name="Registry">
    <entry key="documentation.show.toolbar" value="true" />
    <entry key="ide.balloon.shadow.size" value="0" />
    <entry key="ide.intellij.laf.enable.animation" value="true" />
  </component>
  <component name="StatusBar">
    <option name="widgets">
      <map>
        <entry key="com.tabnine.statusBar.TabnineStatusBarWidget" value="false" />
      </map>
    </option>
  </component>
</application>