<application>
  <component name="MaterialThemeConfig">
    <option name="highlightColorEnabled" value="true" />
    <option name="isHighlightColorEnabled" value="true" />
    <option name="isWizardShown" value="true" />
    <option name="overrideAccentColor" value="false" />
    <option name="pristineConfig" value="false" />
    <option name="accentColor" value="42a5f5" />
    <option name="selectedTheme" value="NATIVE" />
    <option name="userId" value="-71e200f2:17603b35dec:-8000" />
    <option name="version" value="5.5.0" />
  </component>
</application>