<application>
  <component name="SourceryConfigService">
    <option name="pluginVersion" value="0.8.7" />
    <option name="sourceryConfigFolder" value="$USER_HOME$/.config/sourcery" />
    <option name="sourceryExecutable" value="$APPLICATION_PLUGINS_DIR$/sourcery/lib/linux/sourcery" />
    <option name="sourceryProductName" value="Free" />
    <option name="sourceryToken" value="user_VqBh0AIeAU7KYDe6vyKtUcIjnsdJcrWOWgmIaxGhxqdIe_dsViyc04jTJDQ" />
    <option name="sourceryVersion" value="0.8.7" />
  </component>
</application>